Workbook

Sheet 📊 Tableau de Bord
B1: DASHBOARD RENTABILITÉ PRODUITS — ENCG Settat | K1: Statut | L1: Nb
K2: Rentable | L2: =COUNTIF(Données!J3:J22,"Rentable") -> 16
B3: Analyse Financière · Exercice 2024 · 20 Produits · 4 Familles · Université Hassan 1er | K3: Déficitaire | L3: =COUNTIF(Données!J3:J22,"Déficitaire") -> 4
B5: ▌ INDICATEURS CLÉS DE PERFORMANCE
B7: CA Total | C7: Marge Brute | D7: Marge Nette | E7: MB Moyenne | F7: MN Moyenne | G7: Rentables | H7: Déficitaires
B8: =Données!D23 -> 3411928 | C8: =Données!H23 -> 1712606 | D8: =Données!H23-SUM(Données!F3:F22) -> 858010 | E8: =AVERAGE(Données!G3:G22) -> 0.49033317 | F8: =AVERAGE(Données!I3:I22) -> 0.15889593 | G8: =COUNTIF(Données!J3:J22,"Rentable") -> 16 | H8: =COUNTIF(Données!J3:J22,"Déficitaire") -> 4
B9: MAD | C9: MAD | D9: MAD | E9: % | F9: % | G9: / 20 | H9: / 20
B11: ▌ ALERTES & POINTS D'ATTENTION
B12: ⚠️ Déficitaires | D12: 🌟 Top Performer | F12: 💡 Services sous tension | H12: 📦 Accessoires secure
B13: P15 (-32,7%), P18 (-25,3%), P20 (-20,0%) | D13: Produit 17 : MN 39,9% — 111 007 MAD | F13: 2/3 déficitaires dans Services | H13: Seuil couvert à 303%
B16: ▌ SYNTHÈSE PAR FAMILLE
B17: Famille | C17: CA (MAD) | D17: Marge Brute | E17: MB % | F17: Marge Nette | G17: MN % | H17: Seuil Rent.
B18: Accessoires | C18: =Familles!C2 -> CA Total | D18: =Familles!D2 -> Marge Brute | E18: =Familles!E2 -> MB % | F18: =Familles!F2 -> Marge Nette | G18: =Familles!G2 -> MN % | H18: =Familles!H2 -> Seuil Rent.
B19: Logiciels | C19: =Familles!C3 -> 284079 | D19: =Familles!D3 -> 141372 | E19: =Familles!E3 -> 0.4976503 | F19: =Familles!F3 -> 94740 | G19: =Familles!G3 -> 0.33349878 | H19: =Familles!H3 -> 93704
B20: Services | C20: =Familles!C4 -> 1211895 | D20: =Familles!D4 -> 604980 | E20: =Familles!E4 -> 0.49920166 | F20: =Familles!F4 -> 252560 | G20: =Familles!G4 -> 0.20840089 | H20: =Familles!H4 -> 596659
B21: Électronique | C21: =Familles!C5 -> 973205 | D21: =Familles!D5 -> 520666 | E21: =Familles!E5 -> 0.53500136 | F21: =Familles!F5 -> 230902 | G21: =Familles!G5 -> 0.23725936 | H21: =Familles!H5 -> 482322
B22: TOTAL / MOYENNE | C22: =SUM(C18:C21) -> 2469179 | D22: =SUM(D18:D21) -> 1267018 | E22: =AVERAGE(E18:E21) -> 0.51061778 | F22: =SUM(F18:F21) -> 578202 | G22: =AVERAGE(G18:G21) -> 0.25971968 | H22: =SUM(H18:H21) -> 1172685
B25: Source : Analyse_Rentabilite_Produit.xlsx · ENCG Settat — Université Hassan 1er · Exercice 2024

Sheet Données
A1: Données Détaillées par Produit — ENCG Settat
A2: Produit | B2: Famille | C2: Quantités | D2: CA (MAD) | E2: Coût Variable | F2: Coût Fixe | G2: MB % | H2: Marge Brute | I2: MN % | J2: Statut
A3: Produit 01 | B3: Logiciels | C3: 1 | D3: 77576 | E3: 32030 | F3: 22428 | G3: =(D3-E3)/D3 -> 0.58711457 | H3: =D3-E3 -> 45546 | I3: =(D3-E3-F3)/D3 -> 0.29800454 | J3: =IF(I3>=0,"Rentable","Déficitaire") -> Rentable
A4: Produit 02 | B4: Services | C4: 1 | D4: 251392 | E4: 138986 | F4: 34536 | G4: =(D4-E4)/D4 -> 0.44713436 | H4: =D4-E4 -> 112406 | I4: =(D4-E4-F4)/D4 -> 0.30975528 | J4: =IF(I4>=0,"Rentable","Déficitaire") -> Rentable
A5: Produit 03 | B5: Électronique | C5: 1 | D5: 262659 | E5: 105656 | F5: 22560 | G5: =(D5-E5)/D5 -> 0.5977446 | H5: =D5-E5 -> 157003 | I5: =(D5-E5-F5)/D5 -> 0.51185377 | J5: =IF(I5>=0,"Rentable","Déficitaire") -> Rentable
A6: Produit 04 | B6: Logiciels | C6: 1 | D6: 139715 | E6: 66801 | F6: 20196 | G6: =(D6-E6)/D6 -> 0.52187668 | H6: =D6-E6 -> 72914 | I6: =(D6-E6-F6)/D6 -> 0.37732527 | J6: =IF(I6>=0,"Rentable","Déficitaire") -> Rentable
A7: Produit 05 | B7: Logiciels | C7: 1 | D7: 232208 | E7: 117321 | F7: 43776 | G7: =(D7-E7)/D7 -> 0.49475901 | H7: =D7-E7 -> 114887 | I7: =(D7-E7-F7)/D7 -> 0.30623837 | J7: =IF(I7>=0,"Rentable","Déficitaire") -> Rentable
A8: Produit 06 | B8: Services | C8: 1 | D8: 241871 | E8: 100625 | F8: 44544 | G8: =(D8-E8)/D8 -> 0.58397245 | H8: =D8-E8 -> 141246 | I8: =(D8-E8-F8)/D8 -> 0.39980816 | J8: =IF(I8>=0,"Rentable","Déficitaire") -> Rentable
A9: Produit 07 | B9: Électronique | C9: 1 | D9: 203691 | E9: 122272 | F9: 38220 | G9: =(D9-E9)/D9 -> 0.3997182 | H9: =D9-E9 -> 81419 | I9: =(D9-E9-F9)/D9 -> 0.21208104 | J9: =IF(I9>=0,"Rentable","Déficitaire") -> Rentable
A10: Produit 08 | B10: Électronique | C10: 1 | D10: 206730 | E10: 135883 | F10: 52704 | G10: =(D10-E10)/D10 -> 0.34270304 | H10: =D10-E10 -> 70847 | I10: =(D10-E10-F10)/D10 -> 0.087761815 | J10: =IF(I10>=0,"Rentable","Déficitaire") -> Rentable
A11: Produit 09 | B11: Logiciels | C11: 1 | D11: 241944 | E11: 125586 | F11: 30672 | G11: =(D11-E11)/D11 -> 0.48092947 | H11: =D11-E11 -> 116358 | I11: =(D11-E11-F11)/D11 -> 0.35415633 | J11: =IF(I11>=0,"Rentable","Déficitaire") -> Rentable
A12: Produit 10 | B12: Accessoires | C12: 1 | D12: 284079 | E12: 142707 | F12: 46632 | G12: =(D12-E12)/D12 -> 0.4976503 | H12: =D12-E12 -> 141372 | I12: =(D12-E12-F12)/D12 -> 0.33349878 | J12: =IF(I12>=0,"Rentable","Déficitaire") -> Rentable
A13: Produit 11 | B13: Logiciels | C13: 1 | D13: 106303 | E13: 43894 | F13: 42564 | G13: =(D13-E13)/D13 -> 0.58708597 | H13: =D13-E13 -> 62409 | I13: =(D13-E13-F13)/D13 -> 0.18668335 | J13: =IF(I13>=0,"Rentable","Déficitaire") -> Rentable
A14: Produit 12 | B14: Logiciels | C14: 1 | D14: 111393 | E14: 61026 | F14: 37984 | G14: =(D14-E14)/D14 -> 0.45215588 | H14: =D14-E14 -> 50367 | I14: =(D14-E14-F14)/D14 -> 0.11116497 | J14: =IF(I14>=0,"Rentable","Déficitaire") -> Rentable
... A22: Produit 20 | B22: Logiciels | C22: 1 | D22: 89143 | E22: 63421 | F22: 71520 | G22: =(D22-E22)/D22 -> 0.28854761 | H22: =D22-E22 -> 25722 | I22: =(D22-E22-F22)/D22 -> -0.51375879 | J22: =IF(I22>=0,"Rentable","Déficitaire") -> Déficitaire
A23: TOTAUX / MOYENNES | D23: =SUM(D3:D22) -> 3411928 | E23: =SUM(E3:E22) -> 1699322 | F23: =SUM(F3:F22) -> 854596 | G23: =AVERAGE(G3:G22) -> 0.49033317 | H23: =SUM(H3:H22) -> 1712606 | I23: =AVERAGE(I3:I22) -> 0.15889593

Sheet Familles
A1: Analyse par Famille de Produits — ENCG Settat
A2: Famille | B2: Nb Produits | C2: CA Total | D2: Marge Brute | E2: MB % | F2: Marge Nette | G2: MN % | H2: Seuil Rent. | I2: Couv. Seuil | J2: Marge Sécu.
A3: Accessoires | B3: =COUNTIF(Données!B3:B22,A3) -> 1 | C3: =SUMIF(Données!B3:B22,A3,Données!D3:D22) -> 284079 | D3: =SUMIF(Données!B3:B22,A3,Données!H3:H22) -> 141372 | E3: =D3/C3 -> 0.4976503 | F3: =SUMIF(Données!B3:B22,A3,Données!H3:H22)-SUMIF(Données!B3:B22,A3,Données!F3:F22) -> 94740 | G3: =F3/C3 -> 0.33349878 | H3: 93704 | I3: =C3/H3 -> 3.0316635 | J3: =C3-H3 -> 190375
A4: Logiciels | B4: =COUNTIF(Données!B3:B22,A4) -> 9 | C4: =SUMIF(Données!B3:B22,A4,Données!D3:D22) -> 1211895 | D4: =SUMIF(Données!B3:B22,A4,Données!H3:H22) -> 604980 | E4: =D4/C4 -> 0.49920166 | F4: =SUMIF(Données!B3:B22,A4,Données!H3:H22)-SUMIF(Données!B3:B22,A4,Données!F3:F22) -> 252560 | G4: =F4/C4 -> 0.20840089 | H4: 596659 | I4: =C4/H4 -> 2.031135 | J4: =C4-H4 -> 615236
A5: Services | B5: =COUNTIF(Données!B3:B22,A5) -> 6 | C5: =SUMIF(Données!B3:B22,A5,Données!D3:D22) -> 973205 | D5: =SUMIF(Données!B3:B22,A5,Données!H3:H22) -> 520666 | E5: =D5/C5 -> 0.53500136 | F5: =SUMIF(Données!B3:B22,A5,Données!H3:H22)-SUMIF(Données!B3:B22,A5,Données!F3:F22) -> 230902 | G5: =F5/C5 -> 0.23725936 | H5: 482322 | I5: =C5/H5 -> 2.0177496 | J5: =C5-H5 -> 490883
A6: Électronique | B6: =COUNTIF(Données!B3:B22,A6) -> 4 | C6: =SUMIF(Données!B3:B22,A6,Données!D3:D22) -> 942749 | D6: =SUMIF(Données!B3:B22,A6,Données!H3:H22) -> 445588 | E6: =D6/C6 -> 0.47264754 | F6: =SUMIF(Données!B3:B22,A6,Données!H3:H22)-SUMIF(Données!B3:B22,A6,Données!F3:F22) -> 279808 | G6: =F6/C6 -> 0.2968001 | H6: 373372 | I6: =C6/H6 -> 2.524959 | J6: =C6-H6 -> 569377
A7: TOTAL / MOYENNE | B7: =SUM(B3:B6) -> 20 | C7: =SUM(C3:C6) -> 3411928 | D7: =SUM(D3:D6) -> 1712606 | E7: =D7/C7 -> 0.5019467 | F7: =SUM(F3:F6) -> 858010 | G7: =F7/C7 -> 0.25147365 | H7: =SUM(H3:H6) -> 1546057 | I7: =AVERAGE(I3:I6) -> 2.4013768 | J7: =SUM(J3:J6) -> 1865871

Sheet Seuil Rentabilité
A1: Analyse du Seuil de Rentabilité par Famille — ENCG Settat
A2: Famille | B2: CA Réel | C2: Seuil Rent. | D2: Marge Sécu. | E2: Couv. Seuil | F2: Marge Brute | G2: Taux MB/CA
A3: Accessoires | B3: =SUMIF(Données!B3:B22,A3,Données!D3:D22) -> 284079 | C3: 93704 | D3: =B3-C3 -> 190375 | E3: =B3/C3 -> 3.0316635 | F3: =SUMIF(Données!B3:B22,A3,Données!H3:H22) -> 141372 | G3: =F3/B3 -> 0.4976503
A4: Logiciels | B4: =SUMIF(Données!B3:B22,A4,Données!D3:D22) -> 1211895 | C4: 596659 | D4: =B4-C4 -> 615236 | E4: =B4/C4 -> 2.031135 | F4: =SUMIF(Données!B3:B22,A4,Données!H3:H22) -> 604980 | G4: =F4/B4 -> 0.49920166
A5: Services | B5: =SUMIF(Données!B3:B22,A5,Données!D3:D22) -> 973205 | C5: 482322 | D5: =B5-C5 -> 490883 | E5: =B5/C5 -> 2.0177496 | F5: =SUMIF(Données!B3:B22,A5,Données!H3:H22) -> 520666 | G5: =F5/B5 -> 0.53500136
A6: Électronique | B6: =SUMIF(Données!B3:B22,A6,Données!D3:D22) -> 942749 | C6: 373372 | D6: =B6-C6 -> 569377 | E6: =B6/C6 -> 2.524959 | F6: =SUMIF(Données!B3:B22,A6,Données!H3:H22) -> 445588 | G6: =F6/B6 -> 0.47264754
A7: TOTAL | B7: =SUM(B3:B6) -> 3411928 | C7: =SUM(C3:C6) -> 1546057 | D7: =SUM(D3:D6) -> 1865871 | E7: =B7/C7 -> 2.2068578 | F7: =SUM(F3:F6) -> 1712606 | G7: =F7/B7 -> 0.5019467
